time,BTC,ETH,XEC,SHIB,DOGE,SOL,XRP,AXS,LUNA,OMG,BUSD,BNB,DOT,ADA,FIL,LTC,TRX,USDT,ATOM,XTZ,LINK,EOS,AVAX,ALGO,STPT,BCH,ICP,ETC,FTT,NFT,OKB,XLM,THETA,UNI,BTT,MATIC,JST,USDC,VET,DYDX,QTUM,ICX,HBAR,FTM,IOST,CRV,SRM,NEAR,XMR,COMP,SUSHI,SLP,FET,ONE,NEO,WIN,1INCH,GRT,COTI,CHZ,BSV,ZEC,RUNE,EGLD,CELO,ZIL,REN,DASH,AAVE,WAVES,FLOW,MANA,ONT,MIOTA,CELR,KSM,SNX,TT,DENT,CAKE,MINA,HT,ENJ,SXP,XEM,SC,YFI,WBTC,AMP,CVC,SAND,POLY,KLAY,AR,RSR,ANKR,HOT,ELF,RVN
1628208000,42852.18,2892.36,29.36,6.31e-06,0.2047,39.52,0.7473,42.65,14.52,4.729,0.9996,342.43,20.43,1.402,64.17,147.88,0.07183,1.0,13.59,3.36,23.89,4.317,14.77,0.8557,0.05571,557.11,48.31,53.05,41.26,2.48e-06,21.42,0.2852,6.89,26.18,0.003809,1.08,0.05843,1.0,0.0967,0.0,8.718,1.107,0.2181,0.281,0.02765,1.922,4.547,2.524,263.11,466.69,9.812,0.1802,0.4141,0.0809,44.48,0.0004285,2.511,0.7029,0.1676,0.2896,145.1,126.84,7.785,115.57,2.961,0.09091,0.4462,166.83,369.57,16.67,22.44,0.7505,0.8798,0.9072,0.03514,227.59,10.18,0.01071,0.002892,18.12,0.0,11.41,1.443,2.575,0.1725,0.01722,33218.82,42852.18,0.06207,0.296,0.6364,0.2769,1.19,12.66,0.03991,0.09678,0.007841,0.2744,0.09939
1628294400,44617.96,3162.43,29.36,7.8e-06,0.2618,39.48,0.817,41.35,14.59,5.07,1.0,356.51,20.98,1.475,69.33,156.08,0.07516,1.001,14.02,3.425,24.71,4.596,15.85,0.8775,0.05622,584.12,61.76,60.73,44.85,2.45e-06,24.99,0.3075,6.929,28.33,0.003928,1.169,0.06119,1.0,0.1039,0.0,10.87,1.127,0.2253,0.2853,0.02862,1.914,4.601,2.78,271.68,508.09,10.36,0.1775,0.4111,0.0841,46.94,0.0004462,2.707,0.7334,0.1695,0.2929,155.23,134.08,7.571,117.88,2.936,0.09305,0.4706,170.49,385.29,17.37,22.77,0.7718,0.9194,0.9257,0.03793,235.63,10.58,0.01115,0.002941,18.23,0.0,12.78,1.499,2.618,0.1857,0.01758,34657.52,44621.89,0.06221,0.3054,0.64,0.2909,1.252,13.85,0.03886,0.101,0.007772,0.2802,0.09759
1628380800,43827.75,3013.75,29.36,7.28e-06,0.2401,37.67,0.7795,42.22,13.39,4.77,0.9999,342.04,19.67,1.427,64.58,149.83,0.07187,1.001,13.14,3.181,23.05,4.296,14.83,0.8254,0.05478,556.17,57.51,55.4,43.54,2.44e-06,22.38,0.2876,6.41,26.72,0.003704,1.082,0.05934,0.9997,0.1014,0.0,10.23,1.057,0.2134,0.2678,0.02688,1.758,4.257,2.558,257.23,466.93,9.4,0.1868,0.3761,0.0813,45.1,0.0004383,2.495,0.6709,0.1648,0.2767,144.68,123.68,6.699,125.34,2.827,0.08699,0.4262,161.72,361.28,16.28,21.64,0.7201,0.8706,0.8693,0.03594,215.34,9.688,0.01052,0.003195,17.4,0.0,12.17,1.411,2.471,0.1758,0.01635,32776.13,43827.75,0.0601,0.2867,0.6147,0.2743,1.198,14.92,0.0365,0.09403,0.008335,0.2653,0.0912
1628467200,46292.61,3164.94,29.36,7.63e-06,0.2564,38.69,0.8178,43.55,13.95,4.98,1.001,354.68,20.58,1.476,67.71,166.51,0.07397,1.001,13.63,3.287,24.24,4.541,16.19,0.856,0.0574,592.09,64.4,59.09,48.78,2.47e-06,24.38,0.299,6.77,28.37,0.003829,1.127,0.06219,0.9996,0.105,0.0,10.77,1.116,0.2216,0.2796,0.02807,1.878,4.579,2.69,269.65,468.21,9.824,0.2066,0.3991,0.0935,46.52,0.0004629,2.762,0.7089,0.1778,0.31,153.09,130.82,6.871,134.39,3.226,0.09161,0.4499,179.15,374.59,17.28,22.17,0.7532,0.9158,0.9124,0.03798,222.0,10.16,0.01065,0.003355,18.32,0.0,12.72,1.534,2.976,0.1823,0.01703,33910.48,46303.07,0.06101,0.2961,0.6243,0.2831,1.236,15.05,0.03858,0.09606,0.008519,0.273,0.1139
1628553600,45601.03,3141.67,29.36,7.57e-06,0.2574,40.68,0.8517,64.12,16.72,5.122,0.9999,372.1,20.62,1.678,66.72,165.46,0.0745,1.0,14.1,3.266,24.56,4.598,16.44,0.8826,0.05928,592.65,71.62,58.84,48.89,2.44e-06,23.85,0.3101,6.937,28.77,0.003862,1.157,0.06202,1.0,0.1063,0.0,10.64,1.123,0.2249,0.2958,0.02931,2.069,4.647,2.859,266.22,472.56,10.36,0.2028,0.4838,0.0914,46.7,0.000456,2.793,0.7494,0.1906,0.3271,151.71,131.97,7.096,139.63,2.995,0.09748,0.4737,175.88,384.05,17.59,23.11,0.8282,0.933,0.9683,0.04172,241.0,10.27,0.01094,0.003299,18.86,0.0,13.17,1.624,3.054,0.1892,0.01719,34886.5,45585.63,0.06063,0.3123,0.679,0.3047,1.262,14.95,0.03931,0.09544,0.009772,0.2753,0.1363
1628640000,45556.69,3163.42,29.36,7.8e-06,0.2648,41.66,1.012,66.33,16.99,5.271,1.0,391.21,21.4,1.797,71.86,170.92,0.08337,1.0,14.58,3.45,25.92,4.758,16.71,0.9124,0.05922,620.94,67.2,60.83,50.52,2.62e-06,23.52,0.3376,7.159,29.02,0.004427,1.372,0.06634,0.9993,0.1114,0.0,10.81,1.181,0.2284,0.3208,0.03075,2.04,4.853,2.98,268.47,468.46,11.22,0.2024,0.484,0.0979,48.79,0.0009111,2.938,0.7916,0.1936,0.3285,158.49,137.44,7.018,135.26,2.988,0.1045,0.5018,181.68,403.38,18.62,23.79,0.8213,1.016,1.042,0.04381,269.41,10.67,0.01139,0.004334,19.68,0.0,13.82,1.622,3.248,0.1952,0.0183,38004.84,45616.52,0.06105,0.3269,0.6768,0.3069,1.443,14.94,0.03998,0.09645,0.01137,0.283,0.1546
1628726400,44425.52,3047.29,29.36,7.64e-06,0.2642,41.09,0.966,66.02,16.59,5.046,0.9999,385.91,20.76,1.831,68.42,165.31,0.08408,1.0,14.08,3.35,24.95,4.665,16.59,0.8824,0.06308,606.13,64.1,60.01,49.15,2.71e-06,22.9,0.3285,6.77,28.11,0.004535,1.323,0.06625,0.9999,0.107,0.0,10.32,1.125,0.2184,0.3075,0.03032,2.033,4.699,3.341,257.22,453.89,12.15,0.1902,0.5107,0.0927,48.6,0.0008885,2.811,0.8807,0.1893,0.37,153.89,133.45,6.789,134.17,3.07,0.09873,0.4762,179.43,392.66,19.8,22.55,0.8006,0.9694,1.038,0.04354,261.47,10.41,0.01111,0.004419,19.47,0.0,13.07,1.565,3.286,0.1879,0.01768,36990.85,44425.52,0.06023,0.3118,0.6344,0.2895,1.477,14.81,0.03844,0.09434,0.01094,0.2724,0.1506
1628812800,47832.93,3324.26,29.36,8.13e-06,0.2869,44.89,1.091,70.55,17.8,5.622,1.0,411.25,22.74,2.139,74.51,183.49,0.08932,1.001,15.22,3.592,27.76,5.161,18.05,0.9561,0.07127,654.85,68.21,64.31,50.72,2.54e-06,23.35,0.3601,7.16,30.51,0.004843,1.511,0.07081,1.0,0.12,0.0,13.99,1.228,0.2314,0.3454,0.03231,2.363,5.223,3.412,273.13,484.09,12.57,0.1912,0.514,0.0982,55.49,0.0009567,3.075,0.929,0.2277,0.3819,165.93,144.89,7.335,137.99,3.191,0.1059,0.521,203.77,427.74,20.7,23.66,0.844,1.065,1.103,0.04592,281.25,12.11,0.01196,0.00595,21.1,0.0,13.94,1.676,3.58,0.2032,0.01909,40216.77,47818.58,0.06255,0.3411,0.6622,0.3058,1.674,16.11,0.04247,0.1027,0.01217,0.2883,0.1553
1628899200,47102.03,3266.71,29.36,8.14e-06,0.2941,44.16,1.281,67.78,17.34,5.642,1.0,409.07,22.87,2.191,72.51,182.91,0.09263,1.001,15.56,3.699,27.17,5.49,18.04,0.9328,0.06877,692.25,64.21,67.25,50.26,2.45e-06,22.59,0.3951,7.226,30.14,0.004762,1.443,0.07219,1.0,0.1308,0.0,14.16,1.25,0.2631,0.3375,0.03277,2.262,5.233,3.25,271.4,477.65,12.22,0.1796,0.5014,0.098,55.86,0.000942,3.059,0.901,0.2204,0.3718,165.8,144.89,7.747,137.21,3.098,0.1116,0.5228,199.1,414.6,26.52,23.32,0.838,1.084,1.155,0.04933,273.06,13.02,0.01178,0.008134,20.7,0.0,13.39,1.684,3.474,0.2138,0.01942,39578.38,47073.29,0.06077,0.3375,0.6364,0.3103,1.791,15.65,0.04168,0.1033,0.01172,0.2844,0.1502
1628985600,47015.94,3311.12,29.36,8.57e-06,0.3403,53.53,1.285,67.99,19.28,5.694,1.0,414.39,23.17,2.169,73.13,184.83,0.09295,1.001,15.92,3.739,27.91,5.701,18.77,0.996,0.0677,703.74,63.45,75.05,51.48,2.46e-06,22.44,0.3913,7.473,30.27,0.004729,1.467,0.07241,0.9999,0.1326,0.0,13.79,1.261,0.2518,0.3473,0.03314,2.219,6.167,3.23,272.03,489.27,12.62,0.1763,0.4993,0.1083,58.96,0.0009403,3.044,0.8977,0.2238,0.3704,168.98,154.87,8.431,136.43,3.131,0.1119,0.5141,216.09,410.65,24.92,23.03,0.8696,1.132,1.171,0.0494,273.58,12.86,0.01128,0.007417,21.08,0.0,13.46,1.668,3.469,0.2165,0.01962,39874.57,47062.96,0.06026,0.3413,0.6443,0.3146,1.92,16.83,0.04204,0.109,0.01172,0.2899,0.1468
1629072000,45927.4,3147.63,29.36,9.02e-06,0.3196,62.15,1.186,66.32,21.94,5.639,0.9999,415.94,24.49,2.073,73.31,178.08,0.08952,1.001,15.8,3.639,27.96,5.52,19.08,0.9464,0.06476,673.98,61.14,69.07,47.09,2.43e-06,22.18,0.3716,7.611,29.11,0.004602,1.419,0.07155,1.0,0.13,0.0,13.25,1.272,0.2425,0.396,0.03233,2.129,6.732,3.464,266.93,469.69,12.56,0.1728,0.4916,0.104,56.4,0.0009185,3.036,0.8552,0.2145,0.3556,166.44,150.32,8.632,136.08,3.105,0.1069,0.5019,201.48,413.43,23.46,22.78,0.8471,1.083,1.103,0.04564,299.88,12.13,0.01148,0.006547,21.37,0.0,14.88,1.62,3.25,0.214,0.01945,39311.63,45918.21,0.06012,0.3383,0.6346,0.3053,1.804,19.68,0.04309,0.1019,0.01134,0.3039,0.1402
1629158400,44684.43,3011.96,29.36,8.05e-06,0.2993,64.18,1.098,71.94,25.3,5.239,1.0,401.71,23.56,1.925,69.41,168.61,0.08525,1.0,16.0,3.404,26.14,5.06,23.42,0.8845,0.06211,638.76,61.66,62.9,44.67,2.3e-06,20.72,0.3412,6.979,26.4,0.004207,1.35,0.06732,1.001,0.1164,0.0,12.41,1.174,0.2271,0.3904,0.03033,1.922,6.289,3.73,256.35,447.07,12.58,0.1606,0.4618,0.0955,51.83,0.0004468,3.075,0.8728,0.2181,0.3353,158.36,141.38,8.352,139.93,2.958,0.09978,0.5899,194.78,381.12,22.19,22.19,0.7986,1.006,1.019,0.04623,277.13,11.28,0.01072,0.006175,21.44,0.0,14.26,1.537,3.018,0.1993,0.01785,37833.48,44684.43,0.05785,0.3132,0.611,0.2982,1.677,22.04,0.04075,0.09509,0.01032,0.2845,0.1362
1629244800,44714.54,3013.52,29.36,8.02e-06,0.3031,72.79,1.145,69.22,30.78,5.162,1.0,396.03,23.9,2.105,67.47,166.68,0.08472,1.0,17.99,3.347,25.35,4.982,30.0,0.9231,0.06081,632.53,57.0,63.91,46.66,2.22e-06,20.65,0.3422,6.841,26.27,0.004233,1.334,0.06536,0.9998,0.1198,0.0,12.94,1.169,0.2233,0.4144,0.03014,1.913,7.767,4.425,252.64,436.5,12.55,0.1572,0.5041,0.0974,51.65,0.0004471,3.109,0.8539,0.2209,0.3308,155.43,141.07,8.058,146.61,2.921,0.0978,0.552,209.8,380.58,23.37,22.33,0.7761,0.9871,0.9971,0.04361,281.88,11.35,0.01028,0.006148,21.33,0.0,13.94,1.52,3.16,0.1932,0.01735,37147.66,44696.65,0.05891,0.305,0.5827,0.2893,1.749,33.4,0.03952,0.09553,0.01029,0.2725,0.1362
1629331200,46761.49,3184.74,29.36,8.35e-06,0.3178,72.82,1.234,71.87,29.42,6.162,1.0,431.09,26.58,2.441,70.48,175.57,0.08834,1.0,18.71,3.638,27.08,5.255,30.69,1.046,0.06266,660.08,58.53,67.03,49.73,2.27e-06,21.73,0.3671,7.156,27.97,0.004366,1.469,0.06892,1.0,0.13,0.0,13.31,1.271,0.2371,0.5045,0.03172,2.153,7.898,4.49,264.34,457.96,14.02,0.1749,0.5429,0.1012,54.29,0.0004676,3.426,0.9823,0.2619,0.3457,159.88,147.11,8.842,146.27,3.121,0.104,0.5711,220.2,405.26,23.87,22.86,0.8203,1.055,1.056,0.0464,327.84,12.36,0.01076,0.007452,22.45,0.0,14.51,1.582,3.607,0.2019,0.01831,39144.2,46747.46,0.06033,0.3247,0.5991,0.3057,1.873,30.07,0.0436,0.09975,0.01082,0.286,0.1411
1629417600,49336.45,3286.5,29.36,8.48e-06,0.3274,78.68,1.264,73.71,30.64,6.153,1.0,455.18,28.14,2.457,73.11,183.66,0.09044,1.0,18.98,3.729,28.71,5.462,39.12,1.138,0.06414,694.13,67.86,70.17,50.37,2.37e-06,22.43,0.3851,7.28,28.87,0.004509,1.551,0.07102,1.0,0.1329,0.0,14.15,1.439,0.2473,0.4926,0.0328,2.269,7.896,4.416,282.16,480.18,14.68,0.1671,0.5633,0.1106,56.54,0.0004934,3.45,1.042,0.294,0.3548,170.9,153.73,9.317,155.95,3.16,0.108,0.6435,232.82,409.42,24.48,23.42,0.8438,1.086,1.106,0.04739,345.06,12.59,0.01085,0.007,24.35,0.0,15.05,1.67,3.715,0.208,0.01899,39759.0,49336.45,0.0603,0.3325,0.6141,0.3234,1.922,31.05,0.05055,0.1022,0.01128,0.2944,0.1442
1629504000,48867.87,3226.59,29.36,8.15e-06,0.3169,73.89,1.217,76.87,27.55,6.143,1.0,449.12,27.89,2.437,78.4,179.84,0.08806,1.001,22.09,3.695,27.71,5.361,43.81,1.15,0.06304,676.29,64.56,67.59,51.25,2.48e-06,21.33,0.3721,7.273,28.28,0.004396,1.585,0.0694,0.9998,0.1281,0.0,13.67,1.411,0.2426,0.5669,0.03527,2.225,7.662,6.177,287.98,463.0,13.67,0.1587,0.5665,0.1091,55.37,0.0004887,3.371,0.9905,0.2839,0.383,165.52,155.6,11.3,149.1,3.097,0.1071,0.6064,237.3,400.22,24.89,23.18,0.8757,1.07,1.07,0.04611,328.25,13.1,0.01075,0.006679,23.63,0.0,14.53,1.837,3.761,0.2055,0.01859,38833.05,48867.87,0.05971,0.3381,0.6616,0.3194,1.848,28.3,0.0477,0.1005,0.01091,0.2998,0.1387
1629590400,49289.71,3241.65,29.36,8.2e-06,0.3149,72.75,1.227,77.24,28.0,6.28,1.0,448.92,27.72,2.713,77.17,186.02,0.08804,1.001,21.89,3.803,28.02,5.418,43.73,1.158,0.06211,672.48,64.61,67.43,50.26,2.47e-06,21.32,0.3726,7.349,28.43,0.00435,1.625,0.07077,0.9996,0.1282,0.0,13.59,1.487,0.2411,0.5585,0.03705,2.444,7.5,5.482,306.43,460.19,13.77,0.1542,0.5586,0.1161,55.55,0.0004929,3.388,1.074,0.3036,0.3779,165.32,161.57,10.6,148.66,3.227,0.1096,0.6128,254.93,401.37,26.03,23.06,0.8847,1.133,1.167,0.08279,330.59,13.55,0.01084,0.006937,23.54,0.0,14.38,1.842,3.698,0.2048,0.01933,39520.45,49289.71,0.06079,0.364,0.658,0.3306,1.837,28.81,0.05126,0.1006,0.01106,0.3185,0.1399
1629676800,49521.06,3322.71,29.36,8.19e-06,0.3179,75.66,1.247,77.35,29.95,6.761,0.9999,499.5,27.87,2.917,79.85,187.14,0.0899,1.0,21.76,4.314,28.56,5.592,46.48,1.16,0.06586,678.12,65.67,68.22,50.71,2.44e-06,21.94,0.379,7.835,28.79,0.004465,1.624,0.07479,0.9996,0.1318,0.0,13.86,1.577,0.2609,0.5526,0.04303,2.365,7.571,5.497,318.42,465.46,13.8,0.1555,0.5592,0.1158,60.86,0.0004952,3.41,1.026,0.3194,0.4078,167.23,165.17,11.42,149.21,3.142,0.115,0.6549,270.57,408.39,25.99,23.96,0.9261,1.169,1.152,0.05001,328.08,13.64,0.01189,0.007011,25.21,0.0,14.71,2.186,3.805,0.2137,0.02094,39960.19,49521.06,0.06761,0.3739,0.6755,0.3422,1.832,30.88,0.05056,0.1058,0.01132,0.3645,0.1465
1629763200,47690.54,3172.57,29.36,7.5e-06,0.2888,70.67,1.136,69.96,29.66,6.31,0.9997,471.99,25.11,2.72,74.43,173.6,0.08474,0.9998,19.68,3.963,25.78,5.063,55.56,1.038,0.06295,637.73,59.26,62.85,47.52,2.37e-06,20.95,0.3506,7.068,26.61,0.00417,1.475,0.06983,0.9999,0.1214,0.0,12.67,1.436,0.2534,0.4825,0.03982,2.097,6.764,5.05,307.84,423.78,12.34,0.1393,0.5208,0.1066,55.56,0.0004769,3.069,0.921,0.2861,0.3681,159.72,155.49,10.34,137.38,3.021,0.1075,0.6095,248.43,378.34,23.69,21.79,0.8516,1.099,1.058,0.04454,296.36,12.24,0.01145,0.006472,23.64,0.0,13.79,1.892,3.873,0.2002,0.02044,37085.75,47690.54,0.06153,0.3473,0.6157,0.3322,1.685,27.98,0.05416,0.1003,0.01072,0.3372,0.1333
1629849600,48996.44,3228.86,29.36,7.52e-06,0.2926,71.94,1.175,72.56,30.07,6.645,1.0,503.4,25.98,2.741,76.51,177.9,0.08748,1.0,20.02,5.101,26.61,5.213,46.27,1.065,0.06566,650.82,62.21,63.75,49.62,2.42e-06,21.43,0.3591,7.213,27.06,0.004247,1.528,0.0741,1.0,0.1276,0.0,12.93,1.493,0.258,0.5018,0.04436,2.197,7.001,5.581,314.36,435.62,12.25,0.1604,0.5691,0.1096,56.35,0.00049,3.179,0.9521,0.4767,0.3878,163.06,163.75,10.45,138.81,3.092,0.1126,0.5886,263.6,384.11,24.29,22.33,0.9557,1.132,1.08,0.04559,303.34,12.41,0.01176,0.006651,25.98,0.0,14.1,2.069,3.981,0.2091,0.023,38299.12,48996.44,0.061,0.3555,0.7395,0.3616,1.748,26.9,0.0543,0.1037,0.01081,0.3597,0.1365
1629936000,46852.22,3093.62,29.36,6.98e-06,0.2684,74.85,1.073,69.67,26.96,5.986,1.0,478.21,23.95,2.533,72.29,167.82,0.0832,1.0,17.96,4.438,24.4,4.739,41.37,0.9889,0.06138,606.35,56.6,59.81,45.8,2.33e-06,20.22,0.3352,6.528,25.53,0.004001,1.373,0.06812,0.9996,0.116,0.0,11.81,1.325,0.2383,0.4319,0.04436,2.049,6.391,4.877,291.75,404.95,11.61,0.1416,0.517,0.0991,51.35,0.0004685,2.922,0.8655,0.3673,0.3584,155.97,144.02,9.51,134.52,3.541,0.1056,0.5397,231.77,351.06,22.99,21.28,0.8917,1.038,0.9694,0.04328,277.22,11.42,0.01078,0.005878,24.81,0.0,13.35,1.852,3.732,0.1918,0.02103,36177.18,46847.53,0.06021,0.3227,0.6778,0.3487,1.634,25.72,0.0501,0.1048,0.01021,0.3422,0.1251
1630022400,49088.1,3275.87,29.36,7.47e-06,0.2945,88.11,1.191,73.63,32.65,6.567,1.0,494.66,26.53,2.946,75.18,176.3,0.08822,1.001,20.48,5.242,26.05,5.093,50.17,1.065,0.0648,635.97,62.72,64.12,49.53,2.44e-06,20.88,0.3574,6.964,27.42,0.004237,1.519,0.07187,1.0,0.1281,0.0,12.86,1.397,0.2542,0.4924,0.04665,2.183,7.506,5.321,315.05,421.25,12.22,0.1465,0.5621,0.1054,55.52,0.0004909,3.212,0.9238,0.3996,0.3784,159.19,152.27,10.38,140.92,4.161,0.1127,0.6147,242.2,372.89,24.66,21.89,0.9308,1.089,1.043,0.04969,305.77,12.24,0.01178,0.006453,26.16,0.0,14.36,2.003,4.007,0.2003,0.02195,37807.01,49088.1,0.06033,0.3409,0.709,0.3636,1.743,38.47,0.05338,0.1059,0.0105,0.3797,0.1357
1630108800,48918.9,3246.78,29.36,7.22e-06,0.2858,96.38,1.145,74.8,35.03,6.446,1.0,486.33,25.97,2.849,74.0,175.68,0.08827,1.001,21.33,5.634,25.74,5.006,50.19,1.038,0.06408,646.71,65.11,61.3,51.23,2.53e-06,20.34,0.3479,6.925,26.83,0.004177,1.459,0.07094,1.0,0.1233,0.0,12.58,1.402,0.261,0.5218,0.04539,2.094,8.257,5.719,300.56,414.07,11.79,0.1394,0.5519,0.1004,54.54,0.0004892,3.284,0.9166,0.3816,0.3688,164.22,150.52,9.973,140.79,4.598,0.1129,0.6055,236.43,367.26,25.35,21.7,0.9229,1.094,1.013,0.04912,305.1,11.99,0.01174,0.006429,25.43,0.0,14.36,2.057,3.862,0.1946,0.02126,38073.41,48918.9,0.05991,0.346,0.7609,0.3539,1.659,47.61,0.05074,0.1121,0.01136,0.3718,0.1302
1630195200,48794.26,3225.3,29.36,7.11e-06,0.281,94.29,1.141,78.31,33.3,6.649,0.9997,479.97,25.73,2.854,73.68,174.44,0.08862,1.001,21.22,5.881,25.78,5.06,47.44,1.022,0.06246,659.56,72.17,63.21,47.43,2.5e-06,20.21,0.3432,6.928,26.8,0.004214,1.42,0.07379,0.9999,0.1237,0.0,12.94,1.385,0.2521,0.586,0.04396,2.104,7.879,5.553,291.33,418.37,11.6,0.1364,0.6048,0.1012,54.5,0.0004879,3.151,0.914,0.3616,0.3756,170.05,148.43,9.898,141.02,4.27,0.1101,0.664,225.37,364.04,24.82,27.66,1.022,1.077,1.006,0.04435,296.18,11.64,0.01171,0.006225,25.24,0.0,14.34,2.184,3.739,0.1944,0.02083,37489.65,48794.26,0.0593,0.3527,1.002,0.358,1.631,42.57,0.04943,0.108,0.01107,0.3754,0.1307
1630281600,46993.31,3228.46,29.36,6.67e-06,0.272,110.17,1.101,72.89,33.46,6.221,0.9997,460.05,26.03,2.736,71.16,167.39,0.08614,1.0,22.18,5.391,25.03,4.82,41.4,1.021,0.06109,632.8,64.76,58.98,46.32,2.38e-06,20.27,0.3299,6.589,26.83,0.004042,1.319,0.07064,0.9997,0.1171,0.0,12.18,1.319,0.2447,0.7923,0.04126,2.097,8.2,5.329,281.58,420.22,11.52,0.1248,0.6226,0.1153,51.5,0.0004699,3.012,0.8503,0.3238,0.3684,162.6,140.98,9.537,158.13,7.093,0.1075,0.6454,216.41,357.62,26.56,25.1,0.9476,1.023,0.967,0.04655,298.62,11.09,0.01128,0.005876,23.21,0.0,14.21,2.082,3.523,0.1902,0.01934,36241.56,47040.3,0.0526,0.3342,0.9729,0.3509,1.562,56.2,0.04838,0.1009,0.01058,0.3913,0.1261
1630368000,47159.26,3435.17,29.36,6.86e-06,0.2783,108.34,1.187,72.2,31.56,6.332,1.001,464.42,31.36,2.771,75.95,171.7,0.08879,1.002,22.87,5.177,26.74,5.045,39.51,1.11,0.06225,636.65,63.0,63.95,48.51,2.47e-06,20.3,0.3406,6.671,29.44,0.004193,1.339,0.07324,1.0,0.1229,0.0,12.41,1.329,0.2516,0.72,0.04218,2.242,8.358,5.287,286.35,442.16,12.09,0.1139,0.7237,0.1185,52.16,0.0004716,3.06,0.8541,0.3141,0.3671,163.88,143.93,9.882,168.97,5.645,0.1082,0.76,223.96,392.57,28.21,25.1,0.9436,1.043,0.9915,0.04809,394.82,11.6,0.01132,0.005805,22.91,0.0,14.9,2.021,3.526,0.1934,0.0197,38402.7,47159.26,0.0532,0.3401,0.9515,0.3538,1.561,65.69,0.04592,0.1012,0.01056,0.4321,0.1287
1630454400,48840.01,3829.18,29.36,7.18e-06,0.2946,110.73,1.237,73.94,31.75,6.77,1.0,489.87,33.2,2.87,78.65,180.89,0.09503,1.0,25.41,5.422,29.74,5.313,42.49,1.16,0.06496,656.04,66.28,68.78,65.14,2.54e-06,22.53,0.3536,7.111,31.36,0.004411,1.47,0.07873,0.9998,0.1373,0.0,13.23,1.425,0.2645,0.8688,0.04384,2.313,8.72,5.495,303.0,477.68,13.86,0.1205,0.7076,0.1226,55.29,0.0004884,3.34,0.921,0.3365,0.3839,168.2,151.59,10.72,176.52,5.806,0.1153,0.8698,238.93,413.41,29.07,25.73,0.9816,1.11,1.141,0.05839,387.79,12.51,0.01221,0.006433,24.2,0.0,15.72,2.08,3.684,0.2008,0.02076,39997.93,48888.85,0.0544,0.3521,1.01,0.3753,1.653,61.44,0.04844,0.1082,0.01098,0.4898,0.1356
1630540800,49280.77,3787.7,29.36,7.09e-06,0.2947,128.29,1.254,72.69,32.82,6.78,1.0,483.69,31.82,2.963,77.41,183.45,0.09963,1.0,24.17,5.298,29.97,5.259,47.66,1.145,0.06456,664.68,64.51,67.6,60.19,3.32e-06,21.65,0.3592,7.026,29.94,0.0047,1.446,0.08303,1.0,0.1431,0.0,13.25,1.446,0.2746,0.8496,0.04469,2.206,8.83,5.49,302.78,462.42,13.11,0.1387,0.7077,0.1194,55.39,0.0004928,3.353,0.907,0.34,0.385,169.43,150.65,10.39,172.25,5.615,0.114,0.8067,239.21,399.89,29.72,25.19,0.9666,1.165,1.553,0.05382,401.44,12.5,0.01183,0.007197,23.46,0.0,15.32,2.049,3.63,0.2034,0.02066,38691.12,49330.05,0.0583,0.357,1.006,0.3901,1.607,56.92,0.04949,0.1057,0.01307,0.5053,0.1349
1630627200,50019.51,3939.79,29.36,7.07e-06,0.2962,146.46,1.291,73.98,31.71,6.953,1.0,488.64,33.59,2.968,77.67,213.18,0.1015,1.0,24.12,5.312,30.78,5.674,45.89,1.22,0.06903,713.69,65.83,70.03,63.6,4.32e-06,22.24,0.3689,7.253,28.66,0.004833,1.457,0.08608,1.0,0.143,0.0,13.6,1.538,0.2858,0.9763,0.05216,2.207,9.234,6.167,304.02,467.03,13.07,0.1297,0.7349,0.122,57.22,0.0005002,3.576,0.9129,0.3376,0.396,177.72,156.46,10.17,174.54,5.31,0.1193,0.8221,247.4,394.93,30.76,25.43,0.9949,1.187,1.569,0.05748,407.11,12.44,0.0125,0.006737,23.44,0.0,15.29,2.07,3.687,0.2073,0.02142,40443.6,50019.51,0.0566,0.3929,1.003,0.6871,1.596,58.67,0.04863,0.1068,0.01226,0.7277,0.138
1630713600,49935.29,3887.01,29.36,7.46e-06,0.2994,139.0,1.256,82.44,31.4,7.18,1.0,497.71,32.38,2.832,95.06,211.99,0.1016,1.001,24.42,5.404,29.9,5.696,47.21,1.208,0.0739,709.06,78.15,68.86,60.9,7.4e-06,22.51,0.3699,7.514,28.58,0.004797,1.74,0.08726,1.0,0.1449,0.0,14.14,1.654,0.3182,1.067,0.05885,2.273,8.804,6.079,305.4,471.19,13.1,0.1257,0.7035,0.1245,57.97,0.0004994,3.684,0.9504,0.367,0.417,187.11,160.09,10.33,171.82,5.128,0.1223,0.8418,251.77,397.95,30.51,25.76,1.055,1.226,1.984,0.05477,398.03,12.36,0.01398,0.006763,24.13,0.0,15.37,2.096,3.706,0.2171,0.02388,41494.1,49935.29,0.0553,0.948,0.9949,0.8936,1.59,53.28,0.04856,0.1137,0.01208,0.7786,0.1554
1630800000,51784.16,3952.33,29.36,7.55e-06,0.3145,142.11,1.307,82.34,34.54,8.976,0.9999,504.69,34.43,2.913,113.63,232.34,0.1052,1.0,25.76,5.567,33.57,6.298,48.18,1.315,0.07146,765.08,79.39,73.58,63.55,5.39e-06,22.93,0.398,8.197,29.37,0.004921,1.681,0.09138,1.0,0.1541,0.0,16.12,1.792,0.3075,1.212,0.06118,2.482,8.731,6.142,315.37,511.27,14.29,0.1196,0.6708,0.1326,65.82,0.0005178,3.833,1.024,0.3703,0.4252,192.64,172.86,10.35,176.39,5.474,0.1329,0.8491,264.15,416.93,29.53,26.69,1.079,1.323,1.806,0.05683,402.49,12.94,0.01605,0.007075,24.46,0.0,16.33,2.195,3.854,0.2422,0.02468,42924.31,51784.16,0.0617,0.6256,0.9777,0.7458,1.636,49.98,0.05113,0.1237,0.0129,0.649,0.1525
1630886400,52693.32,3928.4,29.36,7.22e-06,0.3092,164.31,1.391,79.06,32.31,9.029,1.0,496.32,34.35,2.835,106.29,219.42,0.1038,1.001,25.12,5.595,34.82,6.223,47.1,1.461,0.07219,784.96,79.46,73.56,73.42,4.49e-06,23.13,0.4238,9.224,28.84,0.004868,1.644,0.09259,0.9998,0.1501,0.0,15.65,1.744,0.3128,1.391,0.06415,2.488,9.076,6.091,315.16,509.27,13.62,0.1162,0.8098,0.1302,63.65,0.0005269,3.709,1.065,0.3604,0.4475,192.49,171.2,11.68,179.94,5.156,0.1307,0.8049,255.72,408.96,29.2,25.89,1.044,1.287,1.801,0.05637,395.15,13.58,0.01528,0.006835,24.57,0.0,17.25,2.181,3.822,0.2367,0.02454,42189.97,52693.32,0.0591,0.6369,0.96,0.7543,1.63,57.07,0.0492,0.123,0.01235,0.8312,0.1447
1630972800,46856.31,3433.48,29.36,5.97e-06,0.2547,173.2,1.127,64.03,27.82,7.616,1.0,418.26,27.9,2.511,84.34,178.17,0.08534,1.0,21.01,4.404,28.2,4.881,37.85,1.274,0.05857,672.52,61.15,59.26,71.01,4.12e-06,17.56,0.3353,6.991,24.28,0.003999,1.36,0.07451,1.001,0.1226,0.0,12.51,1.377,0.2707,1.408,0.05397,1.99,8.309,8.659,262.44,411.14,10.89,0.09566,0.9063,0.1195,49.76,0.0004686,2.915,0.8318,0.2914,0.3426,156.31,136.01,9.527,158.4,4.136,0.1014,0.6745,206.53,345.37,27.15,21.42,0.834,0.9906,1.514,0.04498,329.65,10.72,0.01218,0.00515,20.82,0.0,14.34,1.754,2.708,0.1901,0.01925,34577.01,46903.17,0.0525,0.5067,0.7505,0.7399,1.431,47.37,0.03921,0.09923,0.01008,0.7653,0.1176
1631059200,46073.45,3499.69,29.36,6.7e-06,0.2568,191.01,1.099,68.0,29.48,8.041,1.0,414.95,27.74,2.471,88.19,179.62,0.0927,1.001,20.63,4.336,27.16,4.742,37.03,1.922,0.05943,662.16,61.55,58.66,76.24,4.32e-06,18.87,0.3298,6.807,23.13,0.004096,1.333,0.07909,1.0,0.1184,0.0,12.41,1.403,0.3187,1.584,0.07878,1.985,8.859,10.36,256.86,409.46,11.31,0.09897,0.8912,0.1421,49.07,0.0004607,2.916,0.8228,0.3041,0.3371,156.47,135.23,9.008,172.24,4.243,0.1032,0.6688,201.71,330.34,27.45,21.03,0.8522,0.9936,1.518,0.05792,340.14,11.07,0.01198,0.00504,20.13,0.0,14.51,1.727,2.765,0.1871,0.01907,34646.55,46073.45,0.056,0.5322,0.7882,0.7419,1.383,54.87,0.03889,0.09971,0.01013,0.8179,0.1204
1631145600,46392.85,3424.24,29.36,7.32e-06,0.2525,187.7,1.087,69.11,30.6,8.76,0.9999,421.29,29.83,2.517,88.6,180.32,0.09297,0.9999,26.83,5.578,27.98,4.813,40.76,2.3,0.06263,661.21,60.77,58.86,79.7,4.37e-06,18.55,0.3326,6.982,23.3,0.004065,1.368,0.08355,1.0,0.1217,0.0,13.31,1.583,0.3304,1.657,0.08078,2.382,10.79,9.752,261.56,411.4,11.0,0.09838,0.8967,0.1992,50.52,0.0004639,3.025,0.8553,0.3002,0.3464,155.83,137.52,9.066,200.71,5.01,0.1083,0.7289,202.46,330.0,31.2,21.48,0.8712,1.028,1.566,0.06486,388.82,11.32,0.01299,0.005102,20.52,0.0,14.72,1.789,2.871,0.1916,0.01999,34293.46,46392.85,0.0538,0.5813,0.8727,0.7465,1.38,64.9,0.03887,0.1016,0.01018,0.8937,0.1201
1631232000,44853.1,3209.41,29.36,7.01e-06,0.2397,179.5,1.055,65.44,43.39,8.171,1.0,401.39,29.19,2.383,82.46,174.12,0.09076,1.0,29.37,6.182,26.38,4.568,49.34,2.014,0.05876,628.88,56.92,56.28,72.81,3.74e-06,17.96,0.3168,6.451,22.32,0.003847,1.303,0.0785,1.0,0.1126,0.0,12.75,1.783,0.3164,1.494,0.07452,2.145,11.46,9.926,249.25,391.54,10.13,0.08781,0.791,0.1717,48.07,0.0004485,2.878,0.8081,0.3001,0.3293,151.2,128.01,8.493,235.21,5.025,0.1064,0.7091,192.96,312.02,29.1,20.08,0.817,0.9547,1.537,0.07436,384.71,10.55,0.01166,0.00475,19.05,0.0,13.9,1.645,2.707,0.1818,0.0181,32807.18,44848.61,0.0509,0.527,0.7812,0.6643,1.338,62.61,0.03623,0.09291,0.009672,0.8219,0.1148
1631318400,45166.12,3266.43,29.36,6.76e-06,0.2411,179.1,1.079,68.79,39.24,9.163,0.9998,404.98,31.57,2.636,81.67,178.5,0.09536,1.0,27.28,6.118,27.0,4.672,57.09,1.994,0.05962,636.39,58.04,57.05,72.55,3.83e-06,18.14,0.325,6.445,22.72,0.003904,1.315,0.08258,1.0,0.1155,0.0,12.78,1.744,0.3634,1.547,0.07274,2.271,11.84,9.051,249.77,397.68,10.57,0.0879,0.9495,0.1791,48.96,0.0004517,2.907,0.8747,0.3089,0.3328,154.02,128.36,8.57,229.61,5.032,0.1069,0.705,193.81,328.74,30.45,20.4,0.8316,0.9823,1.505,0.06866,418.92,10.82,0.01219,0.004769,19.63,0.0,14.19,1.678,2.768,0.1834,0.01852,32965.13,45161.6,0.0513,0.5258,0.8016,0.65,1.342,61.11,0.03637,0.09923,0.009901,0.8019,0.1176
1631404800,46049.72,3405.32,29.36,6.9e-06,0.2504,174.4,1.119,69.93,39.24,9.474,1.0,416.93,35.82,2.583,83.8,183.03,0.1126,1.0,35.05,7.03,29.44,4.883,59.17,2.38,0.06033,647.06,59.54,58.12,73.58,4.15e-06,18.71,0.3329,6.586,23.71,0.004156,1.328,0.09048,0.9998,0.12,0.0,13.44,1.746,0.4232,1.444,0.07304,2.429,12.49,8.957,256.31,403.64,11.87,0.0866,0.873,0.2164,51.58,0.0004605,2.989,0.9237,0.3495,0.3379,155.05,131.38,9.124,265.92,4.957,0.1118,0.7304,203.91,333.31,32.13,20.75,0.8461,1.015,1.513,0.09174,434.85,10.96,0.01243,0.00504,20.43,0.0,14.67,1.71,2.82,0.188,0.0196,33266.24,46049.72,0.0511,0.5196,0.8133,0.6402,1.38,59.91,0.03775,0.1002,0.009987,0.8091,0.1202
1631491200,44958.56,3285.4,29.36,6.5e-06,0.2359,169.66,1.064,64.96,37.23,8.575,0.9998,399.03,34.85,2.402,78.06,179.32,0.1047,1.0,35.77,7.175,26.96,4.744,53.19,2.164,0.05845,614.58,55.07,55.74,68.38,3.84e-06,18.07,0.3187,6.131,22.67,0.003915,1.247,0.08299,1.0,0.1126,0.0,12.52,1.929,0.4316,1.306,0.06673,2.364,11.24,8.209,263.46,384.95,11.08,0.08033,0.8938,0.1843,48.42,0.0004496,2.839,0.8402,0.3048,0.3217,149.89,127.68,8.387,260.89,5.192,0.1025,0.6657,196.51,330.79,29.96,19.64,0.8197,0.9592,1.403,0.07961,404.94,12.87,0.01214,0.004665,19.44,0.0,14.18,1.627,2.604,0.1807,0.01822,32767.89,44949.57,0.0501,0.4925,0.7469,0.8115,1.326,54.22,0.03567,0.09725,0.009576,0.7208,0.1142
1631577600,47129.01,3436.05,29.36,6.66e-06,0.2406,158.92,1.097,66.64,35.72,8.984,1.001,414.71,37.37,2.398,80.81,182.98,0.1182,1.0,34.17,7.12,30.83,4.857,51.51,2.039,0.06033,640.47,56.88,57.12,67.73,4e-06,18.63,0.3312,6.46,25.65,0.004057,1.319,0.09291,1.0,0.1176,0.0,12.86,2.077,0.4565,1.206,0.07439,2.792,10.47,8.62,269.01,447.19,13.2,0.08126,0.9097,0.1721,51.79,0.0004713,3.07,0.8588,0.3101,0.3366,154.49,133.71,9.293,280.65,5.029,0.1065,0.8236,205.58,384.21,29.83,22.73,0.8443,1.015,1.564,0.1787,417.42,13.8,0.01225,0.004914,20.85,0.0,14.56,1.68,2.693,0.1855,0.01885,35709.65,47129.01,0.05015,0.5051,0.7928,0.7284,1.363,55.52,0.03712,0.09889,0.009772,0.7223,0.118
1631664000,48148.45,3615.22,29.36,6.79e-06,0.2477,158.66,1.121,68.76,36.73,9.088,1.0,431.27,36.47,2.505,86.34,189.21,0.1207,1.0,34.05,6.901,30.7,5.104,57.92,2.015,0.06115,652.89,61.39,59.19,71.19,4.41e-06,19.21,0.3411,6.869,27.47,0.004125,1.416,0.09439,1.0,0.122,0.0,13.08,2.166,0.5051,1.442,0.07957,3.014,10.7,9.245,269.34,442.91,15.17,0.09692,0.9522,0.1727,52.53,0.0004815,3.301,0.9083,0.3264,0.3471,157.54,139.92,10.15,258.8,5.045,0.1111,1.083,208.58,415.14,30.5,22.05,0.8613,1.049,1.608,0.1038,429.34,15.02,0.01252,0.00517,22.59,0.0,14.83,1.768,2.891,0.19,0.01945,36533.75,48196.6,0.05156,0.5315,0.8065,0.7122,1.362,57.25,0.04075,0.1013,0.01017,0.7512,0.1205
1631750400,47764.47,3569.26,29.36,8.69e-06,0.2421,152.11,1.091,67.31,37.47,8.966,1.0,424.3,35.54,2.419,84.74,185.37,0.1161,1.0,37.18,6.952,29.81,5.021,67.59,2.039,0.06114,639.36,57.94,57.99,67.43,4.16e-06,18.71,0.3308,6.66,26.25,0.004038,1.383,0.09776,1.0,0.1166,0.0,12.71,2.052,0.4775,1.308,0.07303,3.107,10.24,8.727,264.14,422.08,14.92,0.08734,0.9092,0.1635,50.63,0.0004776,3.326,0.8565,0.3726,0.3375,156.19,137.98,10.05,266.38,5.358,0.112,0.9944,208.29,384.29,30.97,21.18,0.8414,1.015,1.526,0.1036,409.48,14.62,0.01337,0.00489,22.32,0.0,14.48,1.681,2.754,0.1918,0.01892,34779.88,47812.23,0.04944,0.536,0.8208,0.6817,1.319,53.02,0.04176,0.09839,0.009726,0.7749,0.1175
1631836800,47297.98,3398.82,29.36,8.45e-06,0.2398,147.49,1.066,65.84,34.45,8.487,1.0,406.51,33.02,2.35,85.79,179.86,0.1052,1.0,33.43,6.109,27.71,5.251,70.1,1.922,0.06196,621.3,56.43,56.63,61.57,4.03e-06,18.5,0.3193,6.312,24.29,0.003908,1.421,0.0884,1.0,0.1114,0.0,12.46,1.881,0.4258,1.247,0.06906,2.804,9.68,8.31,262.79,400.06,12.52,0.08157,0.8297,0.1527,48.72,0.000473,3.12,0.8186,0.3912,0.3253,156.04,134.18,9.677,241.74,5.113,0.1075,0.9412,198.79,354.02,28.81,20.6,0.8169,0.998,1.731,0.1197,388.77,12.78,0.01277,0.004724,21.32,0.0,14.37,1.633,2.631,0.183,0.01816,33242.48,47297.98,0.04787,0.5501,0.7708,0.7341,1.248,48.91,0.03925,0.09551,0.00952,0.9993,0.1128
1631923200,48312.46,3435.76,29.36,7.83e-06,0.2414,169.36,1.076,66.15,34.81,8.807,1.0,410.63,34.88,2.372,84.31,181.4,0.1059,0.9999,40.71,6.405,28.39,5.468,69.04,2.067,0.06136,630.83,58.72,57.21,63.76,3.96e-06,18.85,0.3222,6.366,24.54,0.003936,1.365,0.08985,1.001,0.113,0.0,12.57,1.928,0.4298,1.331,0.07019,2.885,10.73,9.068,272.0,401.35,12.69,0.08174,0.8348,0.166,49.67,0.0004831,3.141,0.835,0.4116,0.3288,157.26,138.69,9.924,247.78,5.24,0.1084,0.9757,199.39,355.37,29.01,20.74,0.8229,1.013,1.658,0.1216,419.31,12.58,0.01304,0.004844,22.42,0.0,14.47,1.646,2.648,0.1844,0.01903,33935.41,48312.46,0.04938,0.537,0.7784,0.7318,1.283,49.76,0.03938,0.09617,0.009829,0.9239,0.1138
1632009600,47251.76,3328.85,29.36,8.11e-06,0.2329,152.86,1.049,63.69,32.94,9.67,0.9998,408.56,33.84,2.282,83.48,175.68,0.1037,1.0,44.24,6.521,27.39,4.91,70.07,1.974,0.05859,609.1,57.06,55.35,60.75,3.87e-06,18.36,0.3135,6.098,23.89,0.003866,1.314,0.08548,1.0,0.1082,0.0,12.14,1.797,0.3968,1.458,0.06661,3.043,9.883,10.06,259.98,393.21,12.05,0.07576,0.7652,0.1566,48.1,0.0004725,2.948,0.8127,0.3676,0.3162,155.88,133.53,9.096,224.87,5.942,0.1026,0.8899,192.83,340.08,27.46,20.15,0.7995,0.9736,1.533,0.1021,400.45,12.82,0.01276,0.004727,22.77,0.0,14.16,1.57,2.497,0.1806,0.01809,32974.77,47237.58,0.04791,0.4993,0.7435,0.6824,1.217,49.76,0.03702,0.09434,0.009498,0.8485,0.1121
1632096000,42925.46,2966.51,29.36,7.02e-06,0.2084,132.08,0.9208,54.9,27.5,10.19,0.9981,363.86,28.15,2.08,74.07,156.69,0.09129,0.9964,33.71,5.272,23.46,4.185,57.22,1.672,0.05022,541.09,47.35,48.9,52.86,3.29e-06,16.75,0.2808,5.135,20.8,0.003349,1.134,0.07218,1.0,0.0917,11.83,10.4,1.657,0.3395,1.148,0.05559,2.392,8.037,7.666,232.1,336.22,10.26,0.06328,0.6785,0.128,41.43,0.0004293,2.562,0.6944,0.3134,0.2699,134.4,118.49,7.409,185.01,5.841,0.08701,0.7439,169.53,290.14,22.94,17.5,0.6757,0.836,1.299,0.08843,332.15,10.55,0.01073,0.003945,19.09,0.0,11.77,1.333,2.169,0.157,0.01539,29363.9,42925.46,0.04211,0.4202,0.6327,0.5903,1.055,40.31,0.03053,0.08048,0.008096,0.8564,0.09486
1632182400,40709.59,2760.2,29.36,6.88e-06,0.2007,124.04,0.8738,50.53,25.13,8.516,0.9984,344.24,26.38,1.985,69.43,148.38,0.08808,1.0,30.38,4.678,21.4,3.881,58.99,1.574,0.04559,504.22,44.57,45.79,51.31,3.26e-06,14.7,0.2659,5.001,18.99,0.003146,1.046,0.06688,1.001,0.08571,12.54,9.299,1.461,0.3055,0.9833,0.05211,2.199,7.109,6.697,217.84,311.98,9.216,0.05835,0.6018,0.1209,37.43,0.0004071,2.31,0.6569,0.2951,0.2534,138.58,111.53,6.708,199.46,6.205,0.08065,0.7124,157.22,271.43,22.37,15.72,0.612,0.7812,1.214,0.09227,305.88,9.518,0.009363,0.003643,17.9,0.0,11.38,1.223,2.019,0.1439,0.01432,27287.93,40701.45,0.04136,0.3816,0.5985,0.5272,1.027,37.05,0.02792,0.07825,0.007658,0.7477,0.08996
1632268800,43576.15,3078.88,29.36,7.25e-06,0.2246,148.18,1.004,61.73,33.23,9.563,1.0,379.09,31.61,2.258,74.55,161.48,0.0988,1.001,39.81,5.579,24.48,4.304,74.08,1.847,0.05011,547.98,49.91,51.27,55.79,3.62e-06,16.84,0.2927,5.573,21.64,0.0035,1.231,0.07454,1.0,0.0995,14.64,10.79,1.657,0.3668,1.25,0.06567,2.451,8.309,7.791,245.12,347.65,10.52,0.06364,0.7407,0.1368,42.94,0.0004358,2.629,0.7446,0.3948,0.2913,147.2,121.32,7.738,230.56,6.55,0.09183,0.8345,175.48,301.99,24.67,17.57,0.7335,0.8729,1.357,0.1059,349.13,10.93,0.01046,0.00428,20.23,0.0,12.49,1.414,2.305,0.1623,0.01597,30505.76,43571.79,0.04725,0.43,0.6948,0.625,1.153,46.93,0.0309,0.08704,0.008695,0.8418,0.107
1632355200,44893.87,3154.62,29.36,7.65e-06,0.2246,150.0,1.002,67.32,36.21,9.866,1.0,383.86,33.46,2.33,74.69,163.94,0.09915,1.001,41.5,6.21,25.44,4.377,76.45,2.004,0.05253,552.76,50.53,51.35,57.63,3.93e-06,17.19,0.303,5.707,21.49,0.003516,1.225,0.07505,1.0,0.1017,14.09,10.94,1.706,0.3831,1.262,0.06615,2.79,8.637,9.176,249.16,374.27,10.64,0.08246,0.8465,0.1589,43.87,0.0004489,2.779,0.7341,0.5625,0.2958,146.71,122.65,9.111,245.57,7.137,0.09299,0.9101,184.65,309.07,25.13,18.35,0.764,0.9001,1.387,0.1406,358.71,11.75,0.01077,0.00429,20.08,0.0,12.5,1.479,2.378,0.1622,0.01629,31302.16,44880.4,0.04847,0.5307,0.7348,0.6593,1.157,52.35,0.03619,0.08704,0.008783,0.7792,0.1064
1632441600,42848.41,2930.86,29.36,7.39e-06,0.2094,139.28,0.9449,68.25,40.2,9.156,1.0,355.23,30.85,2.281,63.36,152.28,0.09238,1.001,42.59,7.004,23.28,4.033,72.41,1.787,0.04799,513.52,47.01,47.71,52.92,3.38e-06,14.05,0.2813,5.185,19.67,0.003291,1.127,0.06805,1.0,0.0924,12.12,9.947,1.592,0.3501,1.201,0.06073,2.43,7.832,7.978,233.87,341.12,9.674,0.07436,0.8139,0.1508,39.79,0.0004285,2.55,0.6929,0.4945,0.2719,134.33,110.63,7.923,237.88,7.615,0.08485,1.119,165.69,280.89,25.57,16.78,0.702,0.8232,1.262,0.1777,332.91,10.53,0.009855,0.003927,18.85,0.0,9.543,1.343,2.178,0.1567,0.01491,29311.58,42839.84,0.04577,0.4811,0.6797,0.5964,1.099,47.52,0.03213,0.08127,0.00818,0.711,0.09818
1632528000,42721.91,2925.34,29.36,7.33e-06,0.2085,136.16,0.9415,65.32,37.87,8.925,1.001,349.82,29.85,2.302,60.47,151.06,0.09081,1.001,39.49,6.831,24.52,4.015,68.4,1.733,0.04956,517.61,45.84,47.42,54.86,3.15e-06,13.04,0.2773,5.102,19.48,0.003253,1.122,0.06646,1.001,0.0901,13.99,9.712,1.55,0.3417,1.243,0.05915,2.311,7.547,7.626,236.17,331.29,9.522,0.06927,0.8352,0.1626,39.09,0.0004272,2.493,0.6831,0.5588,0.2666,134.66,110.91,7.28,218.61,6.827,0.08402,1.021,164.61,274.49,24.28,16.61,0.6926,0.8072,1.224,0.1565,327.76,10.18,0.009826,0.004183,18.5,0.0,8.993,1.334,2.118,0.1541,0.01475,30277.13,42713.37,0.04631,0.4565,0.6665,0.5997,1.065,45.03,0.03144,0.08083,0.008034,0.6725,0.1037
1632614400,43201.79,3064.21,29.36,7.13e-06,0.2052,135.84,0.9448,63.79,34.72,9.089,1.001,344.16,28.86,2.209,55.85,150.76,0.0881,1.001,39.87,6.527,24.63,3.977,66.88,1.782,0.04709,504.0,43.79,47.26,55.86,2.45e-06,12.73,0.2764,5.102,24.12,0.003177,1.125,0.06364,1.0,0.0916,19.31,9.505,1.641,0.3343,1.182,0.05859,2.546,7.622,7.305,234.33,355.19,11.42,0.06637,0.8116,0.1782,38.71,0.0003888,2.681,0.6733,0.5197,0.2638,129.52,111.12,7.223,223.53,6.263,0.08315,1.161,162.14,294.07,23.64,15.68,0.7118,0.7849,1.175,0.1641,324.59,10.47,0.009504,0.003983,18.66,0.0,7.085,1.329,2.094,0.1503,0.01498,30412.31,43201.79,0.04628,0.4348,0.6555,0.5822,1.059,43.2,0.03021,0.079,0.007893,0.6429,0.09939
1632700800,42187.51,2927.73,29.36,6.98e-06,0.1998,136.35,0.9229,63.76,36.86,9.325,1.0,335.81,27.73,2.132,59.03,145.17,0.08617,1.001,37.23,6.04,23.03,3.831,66.4,1.674,0.04894,488.64,42.5,45.43,51.65,2.65e-06,14.6,0.2651,4.922,22.41,0.003126,1.085,0.0616,1.0,0.0863,21.01,9.243,1.511,0.3194,1.28,0.0563,2.37,7.459,6.898,234.48,338.27,10.01,0.06889,0.7366,0.1578,37.37,0.0003797,2.526,0.6615,0.6109,0.2544,127.49,104.58,6.931,212.29,6.132,0.0797,1.026,153.6,273.63,22.72,15.58,0.6622,0.7485,1.14,0.1561,315.67,9.833,0.009281,0.003865,18.45,0.0,7.351,1.264,2.069,0.1461,0.01417,28647.04,42183.29,0.04425,0.4144,0.6317,0.5592,1.054,40.93,0.02865,0.07556,0.007817,0.6172,0.0959
1632787200,41056.79,2807.44,29.36,6.97e-06,0.1967,132.21,0.8939,69.09,33.17,8.93,1.001,333.28,26.33,2.039,55.3,140.57,0.08322,1.001,33.69,5.469,22.09,3.685,61.54,1.565,0.04557,474.59,40.89,45.08,48.15,2.41e-06,15.68,0.2566,4.688,23.09,0.002984,1.05,0.05814,1.001,0.0818,22.55,8.664,1.407,0.3034,1.173,0.0525,2.228,6.947,6.417,230.04,319.63,9.677,0.06339,0.6841,0.1461,35.84,0.0003695,2.374,0.6284,0.5608,0.2443,124.44,100.75,6.618,200.07,5.819,0.07514,0.9266,147.31,260.98,22.95,15.22,0.6203,0.7124,1.047,0.1552,317.69,9.309,0.008622,0.004352,18.12,0.0,7.47,1.203,1.996,0.1414,0.01332,28211.06,41056.79,0.0429,0.3987,0.5919,0.5222,1.029,38.38,0.02732,0.07423,0.007565,0.5657,0.09099
1632873600,41539.43,2850.87,29.36,7.03e-06,0.1986,135.3,0.9279,69.38,34.18,10.33,1.0,367.46,27.26,2.066,57.06,144.79,0.08598,1.0,33.85,5.637,22.86,3.748,65.47,1.607,0.04528,485.14,44.35,45.57,49.91,2.65e-06,16.33,0.2697,4.827,23.01,0.003022,1.099,0.05947,1.0,0.08447,26.75,9.054,1.432,0.3104,1.2,0.05362,2.289,6.992,6.65,234.03,306.56,9.501,0.0632,0.6975,0.144,37.03,0.0004154,2.498,0.6337,0.6468,0.2493,126.74,103.64,6.519,203.21,5.693,0.08263,0.921,152.57,265.02,23.17,15.13,0.6456,0.7308,1.04,0.147,322.97,9.291,0.008308,0.004162,18.53,0.0,7.927,1.225,2.066,0.1476,0.01372,28575.98,41539.43,0.04341,0.3969,0.6029,0.536,1.041,40.66,0.02826,0.07461,0.007576,0.5673,0.09196
1632960000,43829.34,3000.83,0.0002329,7.2e-06,0.2042,141.32,0.953,74.63,38.88,12.45,1.0,387.47,28.6,2.116,60.07,153.27,0.08954,1.0,36.22,6.072,24.0,3.938,66.62,1.627,0.05873,502.83,45.13,47.08,51.69,2.71e-06,15.83,0.2788,5.05,23.53,0.003161,1.126,0.06383,1.001,0.09611,23.58,10.41,1.528,0.3382,1.205,0.05465,2.335,7.464,6.929,251.19,318.04,10.16,0.06263,0.7224,0.1505,39.16,0.0003945,2.555,0.646,0.6149,0.2618,129.52,106.94,6.987,209.85,5.648,0.08573,0.9396,166.07,276.48,24.28,15.84,0.6892,0.777,1.147,0.135,331.37,9.605,0.009642,0.004411,18.9,4.067,8.152,1.308,2.183,0.1508,0.01455,29206.72,43829.34,0.04855,0.4348,0.6697,0.6812,1.087,43.38,0.03019,0.07929,0.007803,0.6326,0.09619
1633046400,48164.35,3310.63,0.0002516,7.71e-06,0.2229,161.67,1.043,110.37,37.81,12.81,0.9999,421.58,31.96,2.255,71.51,166.23,0.0948,1.001,37.88,6.691,26.32,4.277,67.72,1.772,0.06117,543.64,51.61,51.93,55.25,3.11e-06,17.46,0.3005,5.986,25.65,0.003407,1.266,0.06896,1.0,0.1083,22.33,11.59,1.911,0.3651,1.418,0.05774,2.536,8.248,7.827,257.92,326.7,10.83,0.07542,0.7887,0.1596,42.31,0.0004335,2.918,0.7067,0.579,0.2873,139.77,114.87,7.962,241.98,6.155,0.09467,1.045,176.96,302.55,26.15,17.65,0.7538,0.8455,1.319,0.145,348.56,10.49,0.0106,0.004834,19.97,4.538,8.76,1.523,2.372,0.1606,0.0161,31681.01,48164.35,0.0503,0.4775,0.8109,0.735,1.24,48.89,0.03352,0.08498,0.008511,0.6754,0.1065
1633132800,47669.02,3389.48,0.0002466,7.88e-06,0.2187,168.99,1.037,107.81,41.59,15.55,0.9998,427.4,32.04,2.25,69.72,169.1,0.09355,1.0,38.62,7.338,26.93,4.327,69.17,1.772,0.05911,552.01,49.61,53.28,56.12,2.9e-06,18.12,0.3167,6.06,26.15,0.003433,1.295,0.06837,0.9997,0.1113,23.22,13.8,1.952,0.3863,1.46,0.05623,2.538,8.616,7.813,252.98,337.69,10.9,0.07054,0.8028,0.1634,42.35,0.0004767,3.055,0.7269,0.5814,0.2834,138.91,114.21,8.242,245.54,6.292,0.0966,1.225,177.61,314.27,26.31,18.63,0.7521,0.8445,1.268,0.144,353.2,10.79,0.01049,0.005694,19.98,4.46,8.303,1.506,2.383,0.1623,0.01605,31947.28,47789.76,0.04972,0.4748,0.7856,0.7423,1.199,58.3,0.03488,0.08512,0.00858,0.6664,0.1104
1633219200,48234.05,3420.14,0.000231,8.57e-06,0.2218,173.06,1.055,137.6,42.73,16.54,1.0,430.64,32.11,2.254,69.1,170.64,0.095,1.001,38.77,8.698,27.58,4.638,68.73,1.987,0.05836,571.57,50.3,53.72,56.75,2.88e-06,18.07,0.315,6.115,26.02,0.003556,1.326,0.07069,1.0,0.1105,23.61,13.95,2.164,0.3995,1.468,0.05534,2.813,8.988,8.036,259.5,326.63,10.82,0.07627,0.7962,0.181,44.46,0.0004823,3.081,0.7371,0.5618,0.2873,145.38,118.9,8.738,254.39,6.312,0.09968,1.212,178.03,310.52,27.09,19.16,0.768,0.9046,1.212,0.1437,346.46,10.7,0.01109,0.00578,19.71,4.507,8.128,1.551,2.446,0.1647,0.01656,31361.68,48234.05,0.04937,0.5183,0.868,0.8414,1.229,57.45,0.03682,0.08643,0.009435,0.6666,0.1112
1633305600,49276.91,3384.5,0.0002263,1.351e-05,0.2414,167.21,1.043,134.55,46.81,16.58,1.001,426.55,31.17,2.192,69.7,167.73,0.09372,1.001,36.77,8.331,26.62,4.597,65.34,1.939,0.05618,551.9,49.01,52.54,55.96,3.56e-06,17.97,0.3101,6.028,25.35,0.003458,1.276,0.06891,1.001,0.1096,23.49,13.69,2.172,0.405,1.398,0.05348,2.895,8.559,7.638,265.11,313.01,10.36,0.09575,0.7487,0.1774,43.03,0.0004435,3.169,0.7166,0.5252,0.2835,145.22,117.08,9.19,240.13,6.003,0.09726,1.165,174.44,301.03,26.01,20.56,0.7668,0.8647,1.197,0.1424,339.4,10.28,0.01084,0.00572,19.33,4.291,8.118,1.568,2.347,0.1647,0.01614,30784.25,49276.91,0.05318,0.5109,0.8215,0.9104,1.301,53.17,0.03506,0.08274,0.009063,0.6837,0.1081
1633392000,49848.11,3423.16,0.0002266,1.924e-05,0.2605,162.99,1.063,129.23,44.42,15.42,1.0,435.0,30.83,2.187,69.19,168.49,0.09406,1.0,35.83,7.804,26.49,4.589,63.41,1.944,0.1545,570.45,53.01,52.99,55.61,3.61e-06,17.36,0.3112,6.48,24.79,0.003559,1.289,0.07277,1.0,0.11,22.67,12.9,2.249,0.3905,1.378,0.05433,2.793,8.23,7.642,272.3,304.54,10.39,0.0827,0.7375,0.1741,43.13,0.0004985,3.171,0.7428,0.5253,0.2901,148.38,120.56,8.693,241.91,5.823,0.1011,1.212,174.03,299.18,27.12,19.73,0.7519,0.8748,1.196,0.1376,331.1,10.07,0.01545,0.005483,19.22,4.71,7.965,1.563,2.345,0.1675,0.01809,30885.1,49840.19,0.0517,0.501,0.7773,0.8329,1.349,52.79,0.03777,0.08587,0.009206,0.6669,0.1085
